[{"model": "contenttypes.contenttype", "pk": 1, "fields": {"app_label": "admin", "model": "logentry"}}, {"model": "contenttypes.contenttype", "pk": 2, "fields": {"app_label": "auth", "model": "permission"}}, {"model": "contenttypes.contenttype", "pk": 3, "fields": {"app_label": "auth", "model": "group"}}, {"model": "contenttypes.contenttype", "pk": 4, "fields": {"app_label": "contenttypes", "model": "contenttype"}}, {"model": "contenttypes.contenttype", "pk": 5, "fields": {"app_label": "sessions", "model": "session"}}, {"model": "contenttypes.contenttype", "pk": 6, "fields": {"app_label": "api", "model": "customuser"}}, {"model": "contenttypes.contenttype", "pk": 7, "fields": {"app_label": "product", "model": "product"}}, {"model": "contenttypes.contenttype", "pk": 8, "fields": {"app_label": "authtoken", "model": "token"}}, {"model": "contenttypes.contenttype", "pk": 9, "fields": {"app_label": "cart", "model": "item"}}, {"model": "contenttypes.contenttype", "pk": 10, "fields": {"app_label": "cart", "model": "cart"}}, {"model": "contenttypes.contenttype", "pk": 11, "fields": {"app_label": "product", "model": "comment"}}, {"model": "sessions.session", "pk": "dwtg0p416d0uvqghiei8b83akf6w70ze", "fields": {"session_data": "NGJhMmNlMzY3ODMyZTI3YWRmNWY2MDFhMTVjY2M0YjUyZTU0YWMyNzp7Il9hdXRoX3VzZXJfaWQiOiIxIiwiX2F1dGhfdXNlcl9iYWNrZW5kIjoiZGphbmdvLmNvbnRyaWIuYXV0aC5iYWNrZW5kcy5Nb2RlbEJhY2tlbmQiLCJfYXV0aF91c2VyX2hhc2giOiJjYmM3NzU5N2UzZTk1YjE1N2UzNTRjMDc5NjNmN2M4MTQ2ZDkxZTkzIn0=", "expire_date": "2020-01-16T01:06:54.177Z"}}, {"model": "sessions.session", "pk": "dzlx8fphtt1pms0jw3bdd4qud2fsctw6", "fields": {"session_data": "NGJhMmNlMzY3ODMyZTI3YWRmNWY2MDFhMTVjY2M0YjUyZTU0YWMyNzp7Il9hdXRoX3VzZXJfaWQiOiIxIiwiX2F1dGhfdXNlcl9iYWNrZW5kIjoiZGphbmdvLmNvbnRyaWIuYXV0aC5iYWNrZW5kcy5Nb2RlbEJhY2tlbmQiLCJfYXV0aF91c2VyX2hhc2giOiJjYmM3NzU5N2UzZTk1YjE1N2UzNTRjMDc5NjNmN2M4MTQ2ZDkxZTkzIn0=", "expire_date": "2020-02-23T20:24:22.913Z"}}, {"model": "sessions.session", "pk": "o20zeujxchqfci1sd40aqh4qn1x1c79d", "fields": {"session_data": "NGJhMmNlMzY3ODMyZTI3YWRmNWY2MDFhMTVjY2M0YjUyZTU0YWMyNzp7Il9hdXRoX3VzZXJfaWQiOiIxIiwiX2F1dGhfdXNlcl9iYWNrZW5kIjoiZGphbmdvLmNvbnRyaWIuYXV0aC5iYWNrZW5kcy5Nb2RlbEJhY2tlbmQiLCJfYXV0aF91c2VyX2hhc2giOiJjYmM3NzU5N2UzZTk1YjE1N2UzNTRjMDc5NjNmN2M4MTQ2ZDkxZTkzIn0=", "expire_date": "2020-02-01T20:32:08.357Z"}}, {"model": "sessions.session", "pk": "qqk4789zswary9pd3vhih028ekeawgw4", "fields": {"session_data": "YzY5M2NlODdmMTBkYWY1Y2Q1MDFiNzZiY2NiYzA1NTA4ZTMyNzU4Yjp7Il9hdXRoX3VzZXJfaWQiOiIxMiIsIl9hdXRoX3VzZXJfYmFja2VuZCI6ImRqYW5nby5jb250cmliLmF1dGguYmFja2VuZHMuTW9kZWxCYWNrZW5kIiwiX2F1dGhfdXNlcl9oYXNoIjoiYTNkZDI5MGU5NWMzOTkwODE3NDBhN2NlZTlkNWNjNzljMjVhNGU0NyJ9", "expire_date": "2020-05-25T21:51:40.732Z"}}, {"model": "sessions.session", "pk": "vqd8925tvia7yfp3e60zhs3cj65usuar", "fields": {"session_data": "NGJhMmNlMzY3ODMyZTI3YWRmNWY2MDFhMTVjY2M0YjUyZTU0YWMyNzp7Il9hdXRoX3VzZXJfaWQiOiIxIiwiX2F1dGhfdXNlcl9iYWNrZW5kIjoiZGphbmdvLmNvbnRyaWIuYXV0aC5iYWNrZW5kcy5Nb2RlbEJhY2tlbmQiLCJfYXV0aF91c2VyX2hhc2giOiJjYmM3NzU5N2UzZTk1YjE1N2UzNTRjMDc5NjNmN2M4MTQ2ZDkxZTkzIn0=", "expire_date": "2019-12-22T21:52:56.590Z"}}, {"model": "cart.item", "pk": 73, "fields": {"product": 6, "cart": 4, "quantity": 2, "total": "5198.00"}}, {"model": "cart.item", "pk": 74, "fields": {"product": 2, "cart": 4, "quantity": 6, "total": "53994.00"}}, {"model": "cart.item", "pk": 75, "fields": {"product": 4, "cart": 4, "quantity": 3, "total": "8997.00"}}, {"model": "cart.item", "pk": 80, "fields": {"product": 3, "cart": 4, "quantity": 1, "total": "11999.00"}}, {"model": "auth.permission", "pk": 1, "fields": {"name": "Can add log entry", "content_type": 1, "codename": "add_logentry"}}, {"model": "auth.permission", "pk": 2, "fields": {"name": "Can change log entry", "content_type": 1, "codename": "change_logentry"}}, {"model": "auth.permission", "pk": 3, "fields": {"name": "Can delete log entry", "content_type": 1, "codename": "delete_logentry"}}, {"model": "auth.permission", "pk": 4, "fields": {"name": "Can view log entry", "content_type": 1, "codename": "view_logentry"}}, {"model": "auth.permission", "pk": 5, "fields": {"name": "Can add permission", "content_type": 2, "codename": "add_permission"}}, {"model": "auth.permission", "pk": 6, "fields": {"name": "Can change permission", "content_type": 2, "codename": "change_permission"}}, {"model": "auth.permission", "pk": 7, "fields": {"name": "Can delete permission", "content_type": 2, "codename": "delete_permission"}}, {"model": "auth.permission", "pk": 8, "fields": {"name": "Can view permission", "content_type": 2, "codename": "view_permission"}}, {"model": "auth.permission", "pk": 9, "fields": {"name": "Can add group", "content_type": 3, "codename": "add_group"}}, {"model": "auth.permission", "pk": 10, "fields": {"name": "Can change group", "content_type": 3, "codename": "change_group"}}, {"model": "auth.permission", "pk": 11, "fields": {"name": "Can delete group", "content_type": 3, "codename": "delete_group"}}, {"model": "auth.permission", "pk": 12, "fields": {"name": "Can view group", "content_type": 3, "codename": "view_group"}}, {"model": "auth.permission", "pk": 13, "fields": {"name": "Can add content type", "content_type": 4, "codename": "add_contenttype"}}, {"model": "auth.permission", "pk": 14, "fields": {"name": "Can change content type", "content_type": 4, "codename": "change_contenttype"}}, {"model": "auth.permission", "pk": 15, "fields": {"name": "Can delete content type", "content_type": 4, "codename": "delete_contenttype"}}, {"model": "auth.permission", "pk": 16, "fields": {"name": "Can view content type", "content_type": 4, "codename": "view_contenttype"}}, {"model": "auth.permission", "pk": 17, "fields": {"name": "Can add session", "content_type": 5, "codename": "add_session"}}, {"model": "auth.permission", "pk": 18, "fields": {"name": "Can change session", "content_type": 5, "codename": "change_session"}}, {"model": "auth.permission", "pk": 19, "fields": {"name": "Can delete session", "content_type": 5, "codename": "delete_session"}}, {"model": "auth.permission", "pk": 20, "fields": {"name": "Can view session", "content_type": 5, "codename": "view_session"}}, {"model": "auth.permission", "pk": 21, "fields": {"name": "Can add custom user", "content_type": 6, "codename": "add_customuser"}}, {"model": "auth.permission", "pk": 22, "fields": {"name": "Can change custom user", "content_type": 6, "codename": "change_customuser"}}, {"model": "auth.permission", "pk": 23, "fields": {"name": "Can delete custom user", "content_type": 6, "codename": "delete_customuser"}}, {"model": "auth.permission", "pk": 24, "fields": {"name": "Can view custom user", "content_type": 6, "codename": "view_customuser"}}, {"model": "auth.permission", "pk": 25, "fields": {"name": "Can add product", "content_type": 7, "codename": "add_product"}}, {"model": "auth.permission", "pk": 26, "fields": {"name": "Can change product", "content_type": 7, "codename": "change_product"}}, {"model": "auth.permission", "pk": 27, "fields": {"name": "Can delete product", "content_type": 7, "codename": "delete_product"}}, {"model": "auth.permission", "pk": 28, "fields": {"name": "Can view product", "content_type": 7, "codename": "view_product"}}, {"model": "auth.permission", "pk": 29, "fields": {"name": "Can add Token", "content_type": 8, "codename": "add_token"}}, {"model": "auth.permission", "pk": 30, "fields": {"name": "Can change Token", "content_type": 8, "codename": "change_token"}}, {"model": "auth.permission", "pk": 31, "fields": {"name": "Can delete Token", "content_type": 8, "codename": "delete_token"}}, {"model": "auth.permission", "pk": 32, "fields": {"name": "Can view Token", "content_type": 8, "codename": "view_token"}}, {"model": "auth.permission", "pk": 33, "fields": {"name": "Can add item", "content_type": 9, "codename": "add_item"}}, {"model": "auth.permission", "pk": 34, "fields": {"name": "Can change item", "content_type": 9, "codename": "change_item"}}, {"model": "auth.permission", "pk": 35, "fields": {"name": "Can delete item", "content_type": 9, "codename": "delete_item"}}, {"model": "auth.permission", "pk": 36, "fields": {"name": "Can view item", "content_type": 9, "codename": "view_item"}}, {"model": "auth.permission", "pk": 37, "fields": {"name": "Can add cart", "content_type": 10, "codename": "add_cart"}}, {"model": "auth.permission", "pk": 38, "fields": {"name": "Can change cart", "content_type": 10, "codename": "change_cart"}}, {"model": "auth.permission", "pk": 39, "fields": {"name": "Can delete cart", "content_type": 10, "codename": "delete_cart"}}, {"model": "auth.permission", "pk": 40, "fields": {"name": "Can view cart", "content_type": 10, "codename": "view_cart"}}, {"model": "auth.permission", "pk": 41, "fields": {"name": "Can add comment", "content_type": 11, "codename": "add_comment"}}, {"model": "auth.permission", "pk": 42, "fields": {"name": "Can change comment", "content_type": 11, "codename": "change_comment"}}, {"model": "auth.permission", "pk": 43, "fields": {"name": "Can delete comment", "content_type": 11, "codename": "delete_comment"}}, {"model": "auth.permission", "pk": 44, "fields": {"name": "Can view comment", "content_type": 11, "codename": "view_comment"}}, {"model": "api.customuser", "pk": 1, "fields": {"password": "pbkdf2_sha256$150000$xiCTJzF7lxMM$9TL8D9hIpwdO2EDk35uq4eclm6AlVjj5O/mZVqOFlOQ=", "last_login": "2020-02-09T20:24:22Z", "is_superuser": true, "email": "reeplayed333@wp.pl", "date_joined": "2019-12-08T15:27:21Z", "first_name": null, "last_name": null, "middle_name": null, "phone": null, "username": "frodo123", "is_staff": true, "is_active": true, "facebook_id": null, "profile_image": "default.jpg", "gender": null, "groups": [], "user_permissions": []}}, {"model": "api.customuser", "pk": 2, "fields": {"password": "pbkdf2_sha256$150000$bgIUH4NiVYFv$3clV/jAtnuuNUxV6vE5xTCtQOwehHrxvbnbUteLBss0=", "last_login": null, "is_superuser": false, "email": "lukasz_borkowski98@wp.pl", "date_joined": "2019-12-08T18:01:12.337Z", "first_name": "\u0141ukasz", "last_name": "Borkowski", "middle_name": null, "phone": null, "username": "lukasz_borkowski98@wp.pl", "is_staff": false, "is_active": true, "facebook_id": "2383766811733679", "profile_image": "https://platform-lookaside.fbsbx.com/platform/profilepic/?asid=2383766811733679&height=200&width=200&ext=1578416475&hash=AeSkcmAouB9GQQEa", "gender": null, "groups": [], "user_permissions": []}}, {"model": "api.customuser", "pk": 3, "fields": {"password": "frodo123", "last_login": null, "is_superuser": false, "email": "frodo@wp.pl", "date_joined": "2020-02-09T20:23:55.439Z", "first_name": null, "last_name": null, "middle_name": null, "phone": null, "username": "frodo", "is_staff": false, "is_active": true, "facebook_id": null, "profile_image": "default.jpg", "gender": null, "groups": [], "user_permissions": []}}, {"model": "api.customuser", "pk": 4, "fields": {"password": "frodo123", "last_login": null, "is_superuser": false, "email": "frod", "date_joined": "2020-02-09T20:51:15.471Z", "first_name": null, "last_name": null, "middle_name": null, "phone": null, "username": "frodo\"{[;", "is_staff": false, "is_active": true, "facebook_id": null, "profile_image": "default.jpg", "gender": null, "groups": [], "user_permissions": []}}, {"model": "api.customuser", "pk": 5, "fields": {"password": "mamcie", "last_login": null, "is_superuser": false, "email": "ee@wp.pl", "date_joined": "2020-02-10T07:11:50.353Z", "first_name": null, "last_name": null, "middle_name": null, "phone": null, "username": "frodo1234", "is_staff": false, "is_active": true, "facebook_id": null, "profile_image": "default.jpg", "gender": null, "groups": [], "user_permissions": []}}, {"model": "api.customuser", "pk": 6, "fields": {"password": "mamcie", "last_login": null, "is_superuser": false, "email": "eee@wp.pl", "date_joined": "2020-02-10T07:16:48.973Z", "first_name": null, "last_name": null, "middle_name": null, "phone": null, "username": "erfrodo1234", "is_staff": false, "is_active": true, "facebook_id": null, "profile_image": "default.jpg", "gender": null, "groups": [], "user_permissions": []}}, {"model": "api.customuser", "pk": 7, "fields": {"password": "mamcie", "last_login": null, "is_superuser": false, "email": "ewp.pl", "date_joined": "2020-02-10T07:17:47.553Z", "first_name": null, "last_name": null, "middle_name": null, "phone": null, "username": "erfrodo134", "is_staff": false, "is_active": true, "facebook_id": null, "profile_image": "default.jpg", "gender": null, "groups": [], "user_permissions": []}}, {"model": "api.customuser", "pk": 8, "fields": {"password": "mamcie", "last_login": null, "is_superuser": false, "email": "eewewewe@wp.pl", "date_joined": "2020-02-10T07:28:17.053Z", "first_name": null, "last_name": null, "middle_name": null, "phone": null, "username": "frodero13234", "is_staff": false, "is_active": true, "facebook_id": null, "profile_image": "default.jpg", "gender": null, "groups": [], "user_permissions": []}}, {"model": "api.customuser", "pk": 9, "fields": {"password": "mamcie", "last_login": null, "is_superuser": false, "email": "ewwwwwwp@.pl", "date_joined": "2020-02-10T07:31:07.959Z", "first_name": null, "last_name": null, "middle_name": null, "phone": null, "username": "erererfrodo134", "is_staff": false, "is_active": true, "facebook_id": null, "profile_image": "default.jpg", "gender": null, "groups": [], "user_permissions": []}}, {"model": "api.customuser", "pk": 10, "fields": {"password": "mamcie", "last_login": null, "is_superuser": false, "email": "ew@wwwwp.pl", "date_joined": "2020-02-10T07:32:14.825Z", "first_name": null, "last_name": null, "middle_name": null, "phone": null, "username": "erfrowwwwdo134", "is_staff": false, "is_active": true, "facebook_id": null, "profile_image": "default.jpg", "gender": null, "groups": [], "user_permissions": []}}, {"model": "api.customuser", "pk": 11, "fields": {"password": "mamcie", "last_login": null, "is_superuser": false, "email": "eewewewewe@wp.pl", "date_joined": "2020-02-10T07:33:08.671Z", "first_name": null, "last_name": null, "middle_name": null, "phone": null, "username": "frodewero13234", "is_staff": false, "is_active": true, "facebook_id": null, "profile_image": "default.jpg", "gender": null, "groups": [], "user_permissions": []}}, {"model": "api.customuser", "pk": 12, "fields": {"password": "pbkdf2_sha256$150000$6TZgHjR3VGSd$/kyQJ6rh94v8j57u4WYap4MuNjy6lzw6EButuN4Msdg=", "last_login": "2020-05-11T21:51:40.602Z", "is_superuser": true, "email": "fro@wp.pl", "date_joined": "2020-05-11T21:51:16.439Z", "first_name": null, "last_name": null, "middle_name": null, "phone": null, "username": "reeplayed123", "is_staff": true, "is_active": true, "facebook_id": null, "profile_image": "dafault.jpg", "gender": null, "groups": [], "user_permissions": []}}, {"model": "cart.cart", "pk": 3, "fields": {"user": 1, "updatetime": "2020-02-22T00:08:02.678Z", "addtime": "2019-12-17T19:35:27.910Z", "total": "20000.00"}}, {"model": "cart.cart", "pk": 4, "fields": {"user": 2, "updatetime": "2020-02-13T05:39:08.882Z", "addtime": "2019-12-17T19:35:58.402Z", "total": "110182.00"}}, {"model": "cart.cart", "pk": 5, "fields": {"user": 3, "updatetime": "2020-02-09T20:23:55.689Z", "addtime": "2020-02-09T20:23:55.689Z", "total": "0.00"}}, {"model": "cart.cart", "pk": 6, "fields": {"user": 4, "updatetime": "2020-02-09T20:51:15.709Z", "addtime": "2020-02-09T20:51:15.709Z", "total": "0.00"}}, {"model": "cart.cart", "pk": 7, "fields": {"user": 5, "updatetime": "2020-02-10T07:12:06.283Z", "addtime": "2020-02-10T07:12:06.283Z", "total": "0.00"}}, {"model": "cart.cart", "pk": 8, "fields": {"user": 6, "updatetime": "2020-02-10T07:16:51.903Z", "addtime": "2020-02-10T07:16:51.903Z", "total": "0.00"}}, {"model": "cart.cart", "pk": 9, "fields": {"user": 7, "updatetime": "2020-02-10T07:17:49.759Z", "addtime": "2020-02-10T07:17:49.760Z", "total": "0.00"}}, {"model": "cart.cart", "pk": 10, "fields": {"user": 8, "updatetime": "2020-02-10T07:28:23.380Z", "addtime": "2020-02-10T07:28:23.380Z", "total": "0.00"}}, {"model": "cart.cart", "pk": 11, "fields": {"user": 9, "updatetime": "2020-02-10T07:31:14.369Z", "addtime": "2020-02-10T07:31:14.369Z", "total": "0.00"}}, {"model": "cart.cart", "pk": 12, "fields": {"user": 10, "updatetime": "2020-02-10T07:32:21.058Z", "addtime": "2020-02-10T07:32:21.058Z", "total": "0.00"}}, {"model": "cart.cart", "pk": 13, "fields": {"user": 11, "updatetime": "2020-02-10T07:33:14.646Z", "addtime": "2020-02-10T07:33:14.646Z", "total": "0.00"}}, {"model": "cart.cart", "pk": 14, "fields": {"user": 12, "updatetime": "2020-05-11T21:51:16.925Z", "addtime": "2020-05-11T21:51:16.925Z", "total": "0.00"}}, {"model": "product.product", "pk": 1, "fields": {"name": "Naro\u017cnik Vero Orchis", "slug": "naroznik-vero-orchis", "content": "Prezentowany model z kolekcji vero Amareno to funkcjonalny naro\u017cnik, kt\u00f3ry  pozwoli nam cieszy\u0107 si\u0119 ka\u017cd\u0105 chwil\u0105. Nie\u0142atwo jest by\u0107 bohaterem dnia codziennego, ale gdy w salonie go\u015bci naro\u017cnik wielofunkcyjny, sukces w tej dziedzinie jest ju\u017c tylko kwesti\u0105 czasu. Wizyta rodziny, zm\u0119czenie po pracy, czy zwyczajna ochota na zmian\u0119 miejsca spania, to okoliczno\u015bci, kt\u00f3re powoduj\u0105, \u017ce w salonie nie mo\u017ce zabrakn\u0105\u0107 naro\u017cnika z funkcj\u0105 spania (spos\u00f3b rozk\u0142adania - stela\u017c \"w\u0142oski\"). Wygodny naro\u017cnik mo\u017ce by\u0107 idealnym zamiennikiem klasycznego \u0142\u00f3\u017cka zar\u00f3wno w sytuacjach awaryjnych, jak i na co dzie\u0144.\r\n\r\nDok\u0142adno\u015b\u0107, kt\u00f3ra przy\u015bwieca\u0142a projektantom i producentom podczas tworzenia przyczyni\u0142a si\u0119 do powstania perfekcyjnych mebli. Pokrycie sk\u00f3r\u0105 licow\u0105 sprawia, \u017ce naro\u017cnik  vero  Amareno z ka\u017cdej strony i na ka\u017cdej ze swych cz\u0119\u015bci wygl\u0105da doskonale. Pokrycie sk\u00f3r\u0105 licow\u0105 jest delikatne i mi\u0142e w dotyku, jest r\u00f3wnie\u017c du\u017co trwalsze i odporniejsze na zarysowania czy przetarcia.", "date_add": "2019-12-08T16:38:10.350Z", "date_update": "2020-02-21T00:27:27.431Z", "image": "products/naroznik-vero-orchis/3679154075.jpg", "image_2": "products/naroznik-vero-orchis/3323341853.jpg", "image_3": "products/naroznik-vero-orchis/525570277.jpg", "price": "1991.00", "category": "narozniki", "color": "green", "cloth": "cotton", "average_rating": "4.13", "sell_quantity": 11, "customers": [1]}}, {"model": "product.product", "pk": 2, "fields": {"name": "Naro\u017cnik Smart Arhor", "slug": "naroznik-smart-arhor", "content": "Prezentowany model z kolekcji vero Amareno to funkcjonalny naro\u017cnik, kt\u00f3ry  pozwoli nam cieszy\u0107 si\u0119 ka\u017cd\u0105 chwil\u0105. Nie\u0142atwo jest by\u0107 bohaterem dnia codziennego, ale gdy w salonie go\u015bci naro\u017cnik wielofunkcyjny, sukces w tej dziedzinie jest ju\u017c tylko kwesti\u0105 czasu. Wizyta rodziny, zm\u0119czenie po pracy, czy zwyczajna ochota na zmian\u0119 miejsca spania, to okoliczno\u015bci, kt\u00f3re powoduj\u0105, \u017ce w salonie nie mo\u017ce zabrakn\u0105\u0107 naro\u017cnika z funkcj\u0105 spania (spos\u00f3b rozk\u0142adania - stela\u017c \"w\u0142oski\"). Wygodny naro\u017cnik mo\u017ce by\u0107 idealnym zamiennikiem klasycznego \u0142\u00f3\u017cka zar\u00f3wno w sytuacjach awaryjnych, jak i na co dzie\u0144.\r\n\r\nDok\u0142adno\u015b\u0107, kt\u00f3ra przy\u015bwieca\u0142a projektantom i producentom podczas tworzenia przyczyni\u0142a si\u0119 do powstania perfekcyjnych mebli. Pokrycie sk\u00f3r\u0105 licow\u0105 sprawia, \u017ce naro\u017cnik  vero  Amareno z ka\u017cdej strony i na ka\u017cdej ze swych cz\u0119\u015bci wygl\u0105da doskonale. Pokrycie sk\u00f3r\u0105 licow\u0105 jest delikatne i mi\u0142e w dotyku, jest r\u00f3wnie\u017c du\u017co trwalsze i odporniejsze na zarysowania czy przetarcia.", "date_add": "2019-12-08T21:54:21.771Z", "date_update": "2020-02-21T00:11:43.972Z", "image": "products/naroznik-smart-arhor/1364303816.jpg", "image_2": "products/naroznik-smart-arhor/1092795856.jpg", "image_3": "products/naroznik-smart-arhor/2993334106.jpg", "price": "8999.00", "category": "narozniki", "color": "white", "cloth": "leather", "average_rating": "4.50", "sell_quantity": 0, "customers": []}}, {"model": "product.product", "pk": 3, "fields": {"name": "Naro\u017cnik vero Amareno", "slug": "naroznik-vero-amareno", "content": "Prezentowany model z kolekcji vero Amareno to funkcjonalny naro\u017cnik, kt\u00f3ry  pozwoli nam cieszy\u0107 si\u0119 ka\u017cd\u0105 chwil\u0105. Nie\u0142atwo jest by\u0107 bohaterem dnia codziennego, ale gdy w salonie go\u015bci naro\u017cnik wielofunkcyjny, sukces w tej dziedzinie jest ju\u017c tylko kwesti\u0105 czasu. Wizyta rodziny, zm\u0119czenie po pracy, czy zwyczajna ochota na zmian\u0119 miejsca spania, to okoliczno\u015bci, kt\u00f3re powoduj\u0105, \u017ce w salonie nie mo\u017ce zabrakn\u0105\u0107 naro\u017cnika z funkcj\u0105 spania (spos\u00f3b rozk\u0142adania - stela\u017c \"w\u0142oski\"). Wygodny naro\u017cnik mo\u017ce by\u0107 idealnym zamiennikiem klasycznego \u0142\u00f3\u017cka zar\u00f3wno w sytuacjach awaryjnych, jak i na co dzie\u0144.\r\n\r\nDok\u0142adno\u015b\u0107, kt\u00f3ra przy\u015bwieca\u0142a projektantom i producentom podczas tworzenia przyczyni\u0142a si\u0119 do powstania perfekcyjnych mebli. Pokrycie sk\u00f3r\u0105 licow\u0105 sprawia, \u017ce naro\u017cnik  vero  Amareno z ka\u017cdej strony i na ka\u017cdej ze swych cz\u0119\u015bci wygl\u0105da doskonale. Pokrycie sk\u00f3r\u0105 licow\u0105 jest delikatne i mi\u0142e w dotyku, jest r\u00f3wnie\u017c du\u017co trwalsze i odporniejsze na zarysowania czy przetarcia.", "date_add": "2019-12-17T21:12:37.924Z", "date_update": "2020-02-19T19:28:54.322Z", "image": "products/naroznik-vero-amareno/2866625832.jpg", "image_2": "products/naroznik-vero-amareno/225939397.jpg", "image_3": "products/naroznik-vero-amareno/264023266.jpg", "price": "11999.00", "category": "narozniki", "color": "black", "cloth": "leather", "average_rating": "3.17", "sell_quantity": 6, "customers": [1]}}, {"model": "product.product", "pk": 4, "fields": {"name": "Naro\u017cnik vero Tulipano", "slug": "naroznik-vero-tulipano", "content": "Prezentowany model z kolekcji vero Amareno to funkcjonalny naro\u017cnik, kt\u00f3ry pozwoli nam cieszy\u0107 si\u0119 ka\u017cd\u0105 chwil\u0105. Nie\u0142atwo jest by\u0107 bohaterem dnia codziennego, ale gdy w salonie go\u015bci naro\u017cnik wielofunkcyjny, sukces w tej dziedzinie jest ju\u017c tylko kwesti\u0105 czasu. Wizyta rodziny, zm\u0119czenie po pracy, czy zwyczajna ochota na zmian\u0119 miejsca spania, to okoliczno\u015bci, kt\u00f3re powoduj\u0105, \u017ce w salonie nie mo\u017ce zabrakn\u0105\u0107 naro\u017cnika z funkcj\u0105 spania (spos\u00f3b rozk\u0142adania - stela\u017c \"w\u0142oski\"). Wygodny naro\u017cnik mo\u017ce by\u0107 idealnym zamiennikiem klasycznego \u0142\u00f3\u017cka zar\u00f3wno w sytuacjach awaryjnych, jak i na co dzie\u0144. Dok\u0142adno\u015b\u0107, kt\u00f3ra przy\u015bwieca\u0142a projektantom i producentom podczas tworzenia przyczyni\u0142a si\u0119 do powstania perfekcyjnych mebli. Pokrycie sk\u00f3r\u0105 licow\u0105 sprawia, \u017ce naro\u017cnik vero Amareno z ka\u017cdej strony i na ka\u017cdej ze swych cz\u0119\u015bci wygl\u0105da doskonale. Pokrycie sk\u00f3r\u0105 licow\u0105 jest delikatne i mi\u0142e w dotyku, jest r\u00f3wnie\u017c du\u017co trwalsze i odporniejsze na zarysowania czy przetarcia.", "date_add": "2020-01-05T16:17:13.791Z", "date_update": "2020-02-19T18:09:40.703Z", "image": "products/naroznik-vero-tulipano/1986066374.jpg", "image_2": "products/naroznik-vero-tulipano/5307504.jpg", "image_3": "products/naroznik-vero-tulipano/648414119.jpg", "price": "2999.00", "category": "narozniki", "color": "green", "cloth": "cotton", "average_rating": "3.25", "sell_quantity": 0, "customers": []}}, {"model": "product.product", "pk": 5, "fields": {"name": "naro\u017cnik vero Aloe", "slug": "naroznik-vero-aloe", "content": "Prezentowany model z kolekcji vero Amareno to funkcjonalny naro\u017cnik, kt\u00f3ry pozwoli nam cieszy\u0107 si\u0119 ka\u017cd\u0105 chwil\u0105. Nie\u0142atwo jest by\u0107 bohaterem dnia codziennego, ale gdy w salonie go\u015bci naro\u017cnik wielofunkcyjny, sukces w tej dziedzinie jest ju\u017c tylko kwesti\u0105 czasu. Wizyta rodziny, zm\u0119czenie po pracy, czy zwyczajna ochota na zmian\u0119 miejsca spania, to okoliczno\u015bci, kt\u00f3re powoduj\u0105, \u017ce w salonie nie mo\u017ce zabrakn\u0105\u0107 naro\u017cnika z funkcj\u0105 spania (spos\u00f3b rozk\u0142adania - stela\u017c \"w\u0142oski\"). Wygodny naro\u017cnik mo\u017ce by\u0107 idealnym zamiennikiem klasycznego \u0142\u00f3\u017cka zar\u00f3wno w sytuacjach awaryjnych, jak i na co dzie\u0144. Dok\u0142adno\u015b\u0107, kt\u00f3ra przy\u015bwieca\u0142a projektantom i producentom podczas tworzenia przyczyni\u0142a si\u0119 do powstania perfekcyjnych mebli. Pokrycie sk\u00f3r\u0105 licow\u0105 sprawia, \u017ce naro\u017cnik vero Amareno z ka\u017cdej strony i na ka\u017cdej ze swych cz\u0119\u015bci wygl\u0105da doskonale. Pokrycie sk\u00f3r\u0105 licow\u0105 jest delikatne i mi\u0142e w dotyku, jest r\u00f3wnie\u017c du\u017co trwalsze i odporniejsze na zarysowania czy przetarcia.", "date_add": "2020-01-05T18:50:48.765Z", "date_update": "2020-02-22T00:08:52.290Z", "image": "products/naroznik-vero-aloe/1077548338.jpg", "image_2": "products/naroznik-vero-aloe/2609008112.jpg", "image_3": "products/naroznik-vero-aloe/3139786666.jpg", "price": "2500.00", "category": "narozniki", "color": "other", "cloth": "leather", "average_rating": "3.50", "sell_quantity": 11, "customers": [1]}}, {"model": "product.product", "pk": 6, "fields": {"name": "fotel vero Verbena", "slug": "fotel-vero-verbena", "content": "Prezentowany model z kolekcji vero Amareno to funkcjonalny naro\u017cnik, kt\u00f3ry pozwoli nam cieszy\u0107 si\u0119 ka\u017cd\u0105 chwil\u0105. Nie\u0142atwo jest by\u0107 bohaterem dnia codziennego, ale gdy w salonie go\u015bci naro\u017cnik wielofunkcyjny, sukces w tej dziedzinie jest ju\u017c tylko kwesti\u0105 czasu. Wizyta rodziny, zm\u0119czenie po pracy, czy zwyczajna ochota na zmian\u0119 miejsca spania, to okoliczno\u015bci, kt\u00f3re powoduj\u0105, \u017ce w salonie nie mo\u017ce zabrakn\u0105\u0107 naro\u017cnika z funkcj\u0105 spania (spos\u00f3b rozk\u0142adania - stela\u017c \"w\u0142oski\"). Wygodny naro\u017cnik mo\u017ce by\u0107 idealnym zamiennikiem klasycznego \u0142\u00f3\u017cka zar\u00f3wno w sytuacjach awaryjnych, jak i na co dzie\u0144. Dok\u0142adno\u015b\u0107, kt\u00f3ra przy\u015bwieca\u0142a projektantom i producentom podczas tworzenia przyczyni\u0142a si\u0119 do powstania perfekcyjnych mebli. Pokrycie sk\u00f3r\u0105 licow\u0105 sprawia, \u017ce naro\u017cnik vero Amareno z ka\u017cdej strony i na ka\u017cdej ze swych cz\u0119\u015bci wygl\u0105da doskonale. Pokrycie sk\u00f3r\u0105 licow\u0105 jest delikatne i mi\u0142e w dotyku, jest r\u00f3wnie\u017c du\u017co trwalsze i odporniejsze na zarysowania czy przetarcia.", "date_add": "2020-01-08T22:58:18.132Z", "date_update": "2020-01-08T22:58:18.132Z", "image": "products/fotel-vero-verbena/2360767105.jpg", "image_2": "products/fotel-vero-verbena/1013545367.jpg", "image_3": "products/fotel-vero-verbena/823974108.jpg", "price": "2599.00", "category": "fotele", "color": "other", "cloth": "cotton", "average_rating": "0.00", "sell_quantity": 0, "customers": []}}, {"model": "product.product", "pk": 7, "fields": {"name": "fotel vero Dianthus", "slug": "fotel-vero-dianthus", "content": "Prezentowany model z kolekcji vero Amareno to funkcjonalny naro\u017cnik, kt\u00f3ry pozwoli nam cieszy\u0107 si\u0119 ka\u017cd\u0105 chwil\u0105. Nie\u0142atwo jest by\u0107 bohaterem dnia codziennego, ale gdy w salonie go\u015bci naro\u017cnik wielofunkcyjny, sukces w tej dziedzinie jest ju\u017c tylko kwesti\u0105 czasu. Wizyta rodziny, zm\u0119czenie po pracy, czy zwyczajna ochota na zmian\u0119 miejsca spania, to okoliczno\u015bci, kt\u00f3re powoduj\u0105, \u017ce w salonie nie mo\u017ce zabrakn\u0105\u0107 naro\u017cnika z funkcj\u0105 spania (spos\u00f3b rozk\u0142adania - stela\u017c \"w\u0142oski\"). Wygodny naro\u017cnik mo\u017ce by\u0107 idealnym zamiennikiem klasycznego \u0142\u00f3\u017cka zar\u00f3wno w sytuacjach awaryjnych, jak i na co dzie\u0144. Dok\u0142adno\u015b\u0107, kt\u00f3ra przy\u015bwieca\u0142a projektantom i producentom podczas tworzenia przyczyni\u0142a si\u0119 do powstania perfekcyjnych mebli. Pokrycie sk\u00f3r\u0105 licow\u0105 sprawia, \u017ce naro\u017cnik vero Amareno z ka\u017cdej strony i na ka\u017cdej ze swych cz\u0119\u015bci wygl\u0105da doskonale. Pokrycie sk\u00f3r\u0105 licow\u0105 jest delikatne i mi\u0142e w dotyku, jest r\u00f3wnie\u017c du\u017co trwalsze i odporniejsze na zarysowania czy przetarcia.", "date_add": "2020-01-08T22:59:09.629Z", "date_update": "2020-01-08T22:59:09.629Z", "image": "products/fotel-vero-dianthus/317739409.jpg", "image_2": "products/fotel-vero-dianthus/1279385296.jpg", "image_3": "products/fotel-vero-dianthus/3876825256.jpg", "price": "4999.00", "category": "fotele", "color": "black", "cloth": "leather", "average_rating": "0.00", "sell_quantity": 0, "customers": []}}, {"model": "product.product", "pk": 8, "fields": {"name": "sofa vero Papavero", "slug": "sofa-vero-papavero", "content": "Prezentowany model z kolekcji vero Amareno to funkcjonalny naro\u017cnik, kt\u00f3ry pozwoli nam cieszy\u0107 si\u0119 ka\u017cd\u0105 chwil\u0105. Nie\u0142atwo jest by\u0107 bohaterem dnia codziennego, ale gdy w salonie go\u015bci naro\u017cnik wielofunkcyjny, sukces w tej dziedzinie jest ju\u017c tylko kwesti\u0105 czasu. Wizyta rodziny, zm\u0119czenie po pracy, czy zwyczajna ochota na zmian\u0119 miejsca spania, to okoliczno\u015bci, kt\u00f3re powoduj\u0105, \u017ce w salonie nie mo\u017ce zabrakn\u0105\u0107 naro\u017cnika z funkcj\u0105 spania (spos\u00f3b rozk\u0142adania - stela\u017c \"w\u0142oski\"). Wygodny naro\u017cnik mo\u017ce by\u0107 idealnym zamiennikiem klasycznego \u0142\u00f3\u017cka zar\u00f3wno w sytuacjach awaryjnych, jak i na co dzie\u0144. Dok\u0142adno\u015b\u0107, kt\u00f3ra przy\u015bwieca\u0142a projektantom i producentom podczas tworzenia przyczyni\u0142a si\u0119 do powstania perfekcyjnych mebli. Pokrycie sk\u00f3r\u0105 licow\u0105 sprawia, \u017ce naro\u017cnik vero Amareno z ka\u017cdej strony i na ka\u017cdej ze swych cz\u0119\u015bci wygl\u0105da doskonale. Pokrycie sk\u00f3r\u0105 licow\u0105 jest delikatne i mi\u0142e w dotyku, jest r\u00f3wnie\u017c du\u017co trwalsze i odporniejsze na zarysowania czy przetarcia.", "date_add": "2020-01-08T22:59:59.894Z", "date_update": "2020-01-08T22:59:59.894Z", "image": "products/sofa-vero-papavero/3461342052.jpg", "image_2": "products/sofa-vero-papavero/1990074599.jpg", "image_3": "products/sofa-vero-papavero/1388178303.jpg", "price": "5699.00", "category": "sofy", "color": "green", "cloth": "cotton", "average_rating": "0.00", "sell_quantity": 0, "customers": []}}, {"model": "product.product", "pk": 9, "fields": {"name": "sofa vero Artemisia", "slug": "sofa-vero-artemisia", "content": "Prezentowany model z kolekcji vero Amareno to funkcjonalny naro\u017cnik, kt\u00f3ry pozwoli nam cieszy\u0107 si\u0119 ka\u017cd\u0105 chwil\u0105. Nie\u0142atwo jest by\u0107 bohaterem dnia codziennego, ale gdy w salonie go\u015bci naro\u017cnik wielofunkcyjny, sukces w tej dziedzinie jest ju\u017c tylko kwesti\u0105 czasu. Wizyta rodziny, zm\u0119czenie po pracy, czy zwyczajna ochota na zmian\u0119 miejsca spania, to okoliczno\u015bci, kt\u00f3re powoduj\u0105, \u017ce w salonie nie mo\u017ce zabrakn\u0105\u0107 naro\u017cnika z funkcj\u0105 spania (spos\u00f3b rozk\u0142adania - stela\u017c \"w\u0142oski\"). Wygodny naro\u017cnik mo\u017ce by\u0107 idealnym zamiennikiem klasycznego \u0142\u00f3\u017cka zar\u00f3wno w sytuacjach awaryjnych, jak i na co dzie\u0144. Dok\u0142adno\u015b\u0107, kt\u00f3ra przy\u015bwieca\u0142a projektantom i producentom podczas tworzenia przyczyni\u0142a si\u0119 do powstania perfekcyjnych mebli. Pokrycie sk\u00f3r\u0105 licow\u0105 sprawia, \u017ce naro\u017cnik vero Amareno z ka\u017cdej strony i na ka\u017cdej ze swych cz\u0119\u015bci wygl\u0105da doskonale. Pokrycie sk\u00f3r\u0105 licow\u0105 jest delikatne i mi\u0142e w dotyku, jest r\u00f3wnie\u017c du\u017co trwalsze i odporniejsze na zarysowania czy przetarcia.", "date_add": "2020-01-08T23:00:54.885Z", "date_update": "2020-02-19T18:20:57.312Z", "image": "products/sofa-vero-artemisia/1256972596.jpg", "image_2": "products/sofa-vero-artemisia/1412973172.jpg", "image_3": "products/sofa-vero-artemisia/3620002664.jpg", "price": "7999.00", "category": "sofy", "color": "other", "cloth": "cotton", "average_rating": "4.50", "sell_quantity": 0, "customers": []}}, {"model": "product.comment", "pk": 1, "fields": {"content": "\u015awietny produkt. Polecam !!!", "author": 1, "product": 1, "rating": "5.00"}}, {"model": "product.comment", "pk": 2, "fields": {"content": "\u015awietny produkt. Polecam !!!", "author": 1, "product": 1, "rating": "3.50"}}, {"model": "product.comment", "pk": 3, "fields": {"content": "Bardzo dobry produkt. Polecam !!!", "author": 1, "product": 1, "rating": "4.50"}}, {"model": "product.comment", "pk": 4, "fields": {"content": "Bardzo dobry produkt. Polecam !!!", "author": 1, "product": 1, "rating": "4.50"}}, {"model": "product.comment", "pk": 5, "fields": {"content": "www", "author": 1, "product": 1, "rating": "4.00"}}, {"model": "product.comment", "pk": 6, "fields": {"content": "mamamamamamam", "author": 1, "product": 1, "rating": "5.00"}}, {"model": "product.comment", "pk": 7, "fields": {"content": "mamamamamamam", "author": 1, "product": 1, "rating": "5.00"}}, {"model": "product.comment", "pk": 8, "fields": {"content": "Produkt \u015bredniej jako\u015bci .", "author": 1, "product": 4, "rating": "2.00"}}, {"model": "product.comment", "pk": 9, "fields": {"content": "\u015awietny produkt !!!", "author": 1, "product": 3, "rating": "4.00"}}, {"model": "product.comment", "pk": 10, "fields": {"content": "\u015awietny produkt !!!", "author": 1, "product": 3, "rating": "4.00"}}, {"model": "product.comment", "pk": 11, "fields": {"content": "\u015awietny naro\u017cnik !!!", "author": 1, "product": 4, "rating": "4.50"}}, {"model": "product.comment", "pk": 12, "fields": {"content": "Bardzo dobry produkt.", "author": 1, "product": 9, "rating": "4.00"}}, {"model": "product.comment", "pk": 13, "fields": {"content": "Bardzo dobry produkt.", "author": 1, "product": 9, "rating": "5.00"}}, {"model": "product.comment", "pk": 14, "fields": {"content": "\u015aredniej jako\u015bci produkt !!!", "author": 1, "product": 3, "rating": "1.50"}}, {"model": "product.comment", "pk": 15, "fields": {"content": "ddddd", "author": 1, "product": 1, "rating": "3.50"}}, {"model": "product.comment", "pk": 16, "fields": {"content": "ddddd", "author": 1, "product": 1, "rating": "3.50"}}, {"model": "product.comment", "pk": 17, "fields": {"content": "ddddd", "author": 1, "product": 1, "rating": "3.50"}}, {"model": "product.comment", "pk": 18, "fields": {"content": "ddd", "author": 1, "product": 1, "rating": "3.50"}}, {"model": "product.comment", "pk": 19, "fields": {"content": "ddd", "author": 1, "product": 1, "rating": "3.50"}}, {"model": "product.comment", "pk": 20, "fields": {"content": "dddd", "author": 1, "product": 1, "rating": "4.50"}}, {"model": "product.comment", "pk": 21, "fields": {"content": "dddd", "author": 1, "product": 1, "rating": "4.50"}}, {"model": "product.comment", "pk": 22, "fields": {"content": "mamcie", "author": 1, "product": 1, "rating": "4.00"}}, {"model": "product.comment", "pk": 23, "fields": {"content": "Very good product !!!!", "author": 1, "product": 2, "rating": "4.50"}}, {"model": "product.comment", "pk": 24, "fields": {"content": "Good product !!!", "author": 1, "product": 5, "rating": "3.50"}}, {"model": "authtoken.token", "pk": "250b092d3fca092c5fbffc67f638d5d20e9b0ddd", "fields": {"user": 1, "created": "2019-12-08T15:27:22.364Z"}}, {"model": "authtoken.token", "pk": "2601bf1e1c96ba2f666475580e66c95d3363e3b6", "fields": {"user": 9, "created": "2020-02-10T07:31:14.225Z"}}, {"model": "authtoken.token", "pk": "47c7661acf38ed2f9499d7380ad55986624d441d", "fields": {"user": 4, "created": "2020-02-09T20:51:15.581Z"}}, {"model": "authtoken.token", "pk": "5aa73791d9f82592417b0d28021ae97cc14a04f4", "fields": {"user": 7, "created": "2020-02-10T07:17:49.635Z"}}, {"model": "authtoken.token", "pk": "63f50fe1466cea9cae43b1c385ef3a77fe8bf531", "fields": {"user": 5, "created": "2020-02-10T07:12:06.169Z"}}, {"model": "authtoken.token", "pk": "6d6dbc0932238780f868de01e3390497ff624b73", "fields": {"user": 11, "created": "2020-02-10T07:33:14.526Z"}}, {"model": "authtoken.token", "pk": "99f64d2c7f1af5c3f920a4ebcbcb90fba06bcba3", "fields": {"user": 3, "created": "2020-02-09T20:23:55.579Z"}}, {"model": "authtoken.token", "pk": "a6ca5589e33afd5584138610a08db8b740733bf8", "fields": {"user": 2, "created": "2019-12-08T17:01:12.728Z"}}, {"model": "authtoken.token", "pk": "b7a8be90ee83f841669f6d964515e5b4f17f1920", "fields": {"user": 6, "created": "2020-02-10T07:16:51.779Z"}}, {"model": "authtoken.token", "pk": "da40f13d038933bd74f0960cd42ef2f21623a800", "fields": {"user": 10, "created": "2020-02-10T07:32:20.933Z"}}, {"model": "authtoken.token", "pk": "df223472ecdec9d077466e5a8782a5e6c6b4e730", "fields": {"user": 8, "created": "2020-02-10T07:28:23.248Z"}}, {"model": "authtoken.token", "pk": "f166032901c0017118c451902510c35bebd0ea37", "fields": {"user": 12, "created": "2020-05-11T21:51:17.154Z"}}, {"model": "admin.logentry", "pk": 1, "fields": {"action_time": "2019-12-08T16:38:10.355Z", "user": 1, "content_type": 7, "object_id": "1", "object_repr": "Naro\u017cnik Vero Orchis", "action_flag": 1, "change_message": "[{\"added\": {}}]"}}, {"model": "admin.logentry", "pk": 2, "fields": {"action_time": "2019-12-08T21:54:21.804Z", "user": 1, "content_type": 7, "object_id": "2", "object_repr": "Naro\u017cnik Smart Arhor", "action_flag": 1, "change_message": "[{\"added\": {}}]"}}, {"model": "admin.logentry", "pk": 3, "fields": {"action_time": "2019-12-16T02:27:15.392Z", "user": 1, "content_type": 7, "object_id": "2", "object_repr": "Naro\u017cnik Smart Arhor", "action_flag": 2, "change_message": "[{\"changed\": {\"fields\": [\"content\"]}}]"}}, {"model": "admin.logentry", "pk": 4, "fields": {"action_time": "2019-12-16T02:27:23.331Z", "user": 1, "content_type": 7, "object_id": "1", "object_repr": "Naro\u017cnik Vero Orchis", "action_flag": 2, "change_message": "[{\"changed\": {\"fields\": [\"content\"]}}]"}}, {"model": "admin.logentry", "pk": 5, "fields": {"action_time": "2019-12-16T02:52:16.516Z", "user": 1, "content_type": 7, "object_id": "1", "object_repr": "Naro\u017cnik Vero Orchis", "action_flag": 2, "change_message": "[{\"changed\": {\"fields\": [\"content\"]}}]"}}, {"model": "admin.logentry", "pk": 6, "fields": {"action_time": "2019-12-16T03:04:58.775Z", "user": 1, "content_type": 7, "object_id": "1", "object_repr": "Naro\u017cnik Vero Orchis", "action_flag": 2, "change_message": "[{\"changed\": {\"fields\": [\"content\"]}}]"}}, {"model": "admin.logentry", "pk": 7, "fields": {"action_time": "2019-12-16T03:05:05.646Z", "user": 1, "content_type": 7, "object_id": "2", "object_repr": "Naro\u017cnik Smart Arhor", "action_flag": 2, "change_message": "[{\"changed\": {\"fields\": [\"content\"]}}]"}}, {"model": "admin.logentry", "pk": 8, "fields": {"action_time": "2019-12-16T17:54:52.925Z", "user": 1, "content_type": 10, "object_id": "1", "object_repr": "Card nr 1", "action_flag": 1, "change_message": "[{\"added\": {}}]"}}, {"model": "admin.logentry", "pk": 9, "fields": {"action_time": "2019-12-16T17:55:02.597Z", "user": 1, "content_type": 10, "object_id": "2", "object_repr": "Card nr 2", "action_flag": 1, "change_message": "[{\"added\": {}}]"}}, {"model": "admin.logentry", "pk": 10, "fields": {"action_time": "2019-12-16T17:55:42.246Z", "user": 1, "content_type": 10, "object_id": "2", "object_repr": "Card nr 2", "action_flag": 3, "change_message": ""}}, {"model": "admin.logentry", "pk": 11, "fields": {"action_time": "2019-12-16T17:55:42.419Z", "user": 1, "content_type": 10, "object_id": "1", "object_repr": "Card nr 1", "action_flag": 3, "change_message": ""}}, {"model": "admin.logentry", "pk": 12, "fields": {"action_time": "2019-12-16T17:58:20.885Z", "user": 1, "content_type": 10, "object_id": "1", "object_repr": "Card nr 1", "action_flag": 1, "change_message": "[{\"added\": {}}]"}}, {"model": "admin.logentry", "pk": 13, "fields": {"action_time": "2019-12-16T17:58:31.005Z", "user": 1, "content_type": 10, "object_id": "2", "object_repr": "Card nr 2", "action_flag": 1, "change_message": "[{\"added\": {}}]"}}, {"model": "admin.logentry", "pk": 14, "fields": {"action_time": "2019-12-17T01:21:38.251Z", "user": 1, "content_type": 9, "object_id": "1", "object_repr": "Item object (1)", "action_flag": 1, "change_message": "[{\"added\": {}}]"}}, {"model": "admin.logentry", "pk": 15, "fields": {"action_time": "2019-12-17T01:22:33.131Z", "user": 1, "content_type": 9, "object_id": "2", "object_repr": "Item object (2)", "action_flag": 1, "change_message": "[{\"added\": {}}]"}}, {"model": "admin.logentry", "pk": 16, "fields": {"action_time": "2019-12-17T01:22:56.594Z", "user": 1, "content_type": 10, "object_id": "2", "object_repr": "Card nr 2", "action_flag": 2, "change_message": "[{\"changed\": {\"fields\": [\"items\"]}}]"}}, {"model": "admin.logentry", "pk": 17, "fields": {"action_time": "2019-12-17T01:23:06.248Z", "user": 1, "content_type": 10, "object_id": "2", "object_repr": "Card nr 2", "action_flag": 2, "change_message": "[{\"changed\": {\"fields\": [\"items\"]}}]"}}, {"model": "admin.logentry", "pk": 18, "fields": {"action_time": "2019-12-17T01:23:25.835Z", "user": 1, "content_type": 10, "object_id": "2", "object_repr": "Card nr 2", "action_flag": 2, "change_message": "[]"}}, {"model": "admin.logentry", "pk": 19, "fields": {"action_time": "2019-12-17T04:23:20.063Z", "user": 1, "content_type": 9, "object_id": "2", "object_repr": "Item object (2)", "action_flag": 3, "change_message": ""}}, {"model": "admin.logentry", "pk": 20, "fields": {"action_time": "2019-12-17T04:23:20.191Z", "user": 1, "content_type": 9, "object_id": "1", "object_repr": "Item object (1)", "action_flag": 3, "change_message": ""}}, {"model": "admin.logentry", "pk": 21, "fields": {"action_time": "2019-12-17T19:30:21.118Z", "user": 1, "content_type": 10, "object_id": "2", "object_repr": "Card nr 2", "action_flag": 3, "change_message": ""}}, {"model": "admin.logentry", "pk": 22, "fields": {"action_time": "2019-12-17T19:30:21.309Z", "user": 1, "content_type": 10, "object_id": "1", "object_repr": "Card nr 1", "action_flag": 3, "change_message": ""}}, {"model": "admin.logentry", "pk": 23, "fields": {"action_time": "2019-12-17T19:35:27.912Z", "user": 1, "content_type": 10, "object_id": "3", "object_repr": "Card nr 3", "action_flag": 1, "change_message": "[{\"added\": {}}]"}}, {"model": "admin.logentry", "pk": 24, "fields": {"action_time": "2019-12-17T19:35:58.406Z", "user": 1, "content_type": 10, "object_id": "4", "object_repr": "Card nr 4", "action_flag": 1, "change_message": "[{\"added\": {}}]"}}, {"model": "admin.logentry", "pk": 25, "fields": {"action_time": "2019-12-17T19:36:14.984Z", "user": 1, "content_type": 9, "object_id": "1", "object_repr": "Item object (1)", "action_flag": 1, "change_message": "[{\"added\": {}}]"}}, {"model": "admin.logentry", "pk": 26, "fields": {"action_time": "2019-12-17T19:36:37.102Z", "user": 1, "content_type": 9, "object_id": "2", "object_repr": "Item object (2)", "action_flag": 1, "change_message": "[{\"added\": {}}]"}}, {"model": "admin.logentry", "pk": 27, "fields": {"action_time": "2019-12-17T19:36:47.419Z", "user": 1, "content_type": 9, "object_id": "2", "object_repr": "Item object (2)", "action_flag": 2, "change_message": "[{\"changed\": {\"fields\": [\"product\"]}}]"}}, {"model": "admin.logentry", "pk": 28, "fields": {"action_time": "2019-12-17T19:37:50.446Z", "user": 1, "content_type": 9, "object_id": "2", "object_repr": "Item object (2)", "action_flag": 2, "change_message": "[{\"changed\": {\"fields\": [\"product\", \"cart\"]}}]"}}, {"model": "admin.logentry", "pk": 29, "fields": {"action_time": "2019-12-17T20:58:52.598Z", "user": 1, "content_type": 7, "object_id": "1", "object_repr": "Naro\u017cnik Vero Orchis", "action_flag": 2, "change_message": "[{\"changed\": {\"fields\": [\"content\"]}}]"}}, {"model": "admin.logentry", "pk": 30, "fields": {"action_time": "2019-12-17T20:59:07.484Z", "user": 1, "content_type": 7, "object_id": "2", "object_repr": "Naro\u017cnik Smart Arhor", "action_flag": 2, "change_message": "[{\"changed\": {\"fields\": [\"content\"]}}]"}}, {"model": "admin.logentry", "pk": 31, "fields": {"action_time": "2019-12-17T21:12:37.925Z", "user": 1, "content_type": 7, "object_id": "3", "object_repr": "naro\u017cnik vero Amareno", "action_flag": 1, "change_message": "[{\"added\": {}}]"}}, {"model": "admin.logentry", "pk": 32, "fields": {"action_time": "2019-12-17T21:12:48.108Z", "user": 1, "content_type": 7, "object_id": "3", "object_repr": "naro\u017cnik vero Amareno", "action_flag": 2, "change_message": "[{\"changed\": {\"fields\": [\"content\"]}}]"}}, {"model": "admin.logentry", "pk": 33, "fields": {"action_time": "2019-12-17T21:13:31.589Z", "user": 1, "content_type": 7, "object_id": "3", "object_repr": "naro\u017cnik vero Amareno", "action_flag": 2, "change_message": "[{\"changed\": {\"fields\": [\"image\", \"image_2\", \"image_3\"]}}]"}}, {"model": "admin.logentry", "pk": 34, "fields": {"action_time": "2019-12-17T21:14:08.939Z", "user": 1, "content_type": 7, "object_id": "3", "object_repr": "naro\u017cnik vero Amareno", "action_flag": 2, "change_message": "[{\"changed\": {\"fields\": [\"image\"]}}]"}}, {"model": "admin.logentry", "pk": 35, "fields": {"action_time": "2019-12-21T00:15:39.971Z", "user": 1, "content_type": 9, "object_id": "4", "object_repr": "Item object (4)", "action_flag": 2, "change_message": "[{\"changed\": {\"fields\": [\"quantity\"]}}]"}}, {"model": "admin.logentry", "pk": 36, "fields": {"action_time": "2019-12-21T00:16:39.843Z", "user": 1, "content_type": 9, "object_id": "4", "object_repr": "Item object (4)", "action_flag": 2, "change_message": "[{\"changed\": {\"fields\": [\"quantity\"]}}]"}}, {"model": "admin.logentry", "pk": 37, "fields": {"action_time": "2019-12-21T00:16:46.374Z", "user": 1, "content_type": 9, "object_id": "4", "object_repr": "Item object (4)", "action_flag": 2, "change_message": "[{\"changed\": {\"fields\": [\"quantity\"]}}]"}}, {"model": "admin.logentry", "pk": 38, "fields": {"action_time": "2019-12-21T00:16:50.952Z", "user": 1, "content_type": 9, "object_id": "4", "object_repr": "Item object (4)", "action_flag": 2, "change_message": "[{\"changed\": {\"fields\": [\"quantity\"]}}]"}}, {"model": "admin.logentry", "pk": 39, "fields": {"action_time": "2019-12-21T00:30:02.003Z", "user": 1, "content_type": 9, "object_id": "4", "object_repr": "Item object (4)", "action_flag": 2, "change_message": "[{\"changed\": {\"fields\": [\"quantity\"]}}]"}}, {"model": "admin.logentry", "pk": 40, "fields": {"action_time": "2019-12-21T00:30:38.330Z", "user": 1, "content_type": 9, "object_id": "4", "object_repr": "Item object (4)", "action_flag": 2, "change_message": "[{\"changed\": {\"fields\": [\"total\"]}}]"}}, {"model": "admin.logentry", "pk": 41, "fields": {"action_time": "2019-12-21T00:30:43.146Z", "user": 1, "content_type": 9, "object_id": "4", "object_repr": "Item object (4)", "action_flag": 2, "change_message": "[{\"changed\": {\"fields\": [\"quantity\"]}}]"}}, {"model": "admin.logentry", "pk": 42, "fields": {"action_time": "2019-12-21T00:38:33.425Z", "user": 1, "content_type": 9, "object_id": "4", "object_repr": "Item object (4)", "action_flag": 2, "change_message": "[{\"changed\": {\"fields\": [\"quantity\"]}}]"}}, {"model": "admin.logentry", "pk": 43, "fields": {"action_time": "2019-12-21T00:40:22.344Z", "user": 1, "content_type": 9, "object_id": "1", "object_repr": "Item object (1)", "action_flag": 2, "change_message": "[{\"changed\": {\"fields\": [\"quantity\"]}}]"}}, {"model": "admin.logentry", "pk": 44, "fields": {"action_time": "2019-12-21T00:40:53.695Z", "user": 1, "content_type": 9, "object_id": "5", "object_repr": "Item object (5)", "action_flag": 1, "change_message": "[{\"added\": {}}]"}}, {"model": "admin.logentry", "pk": 45, "fields": {"action_time": "2019-12-21T00:41:04.615Z", "user": 1, "content_type": 9, "object_id": "2", "object_repr": "Item object (2)", "action_flag": 2, "change_message": "[{\"changed\": {\"fields\": [\"total\"]}}]"}}, {"model": "admin.logentry", "pk": 46, "fields": {"action_time": "2019-12-21T00:41:23.912Z", "user": 1, "content_type": 9, "object_id": "2", "object_repr": "Item object (2)", "action_flag": 2, "change_message": "[{\"changed\": {\"fields\": [\"quantity\"]}}]"}}, {"model": "admin.logentry", "pk": 47, "fields": {"action_time": "2019-12-21T00:43:27.446Z", "user": 1, "content_type": 9, "object_id": "6", "object_repr": "Item object (6)", "action_flag": 1, "change_message": "[{\"added\": {}}]"}}, {"model": "admin.logentry", "pk": 48, "fields": {"action_time": "2019-12-21T03:16:43.999Z", "user": 1, "content_type": 9, "object_id": "8", "object_repr": "Item object (8)", "action_flag": 3, "change_message": ""}}, {"model": "admin.logentry", "pk": 49, "fields": {"action_time": "2019-12-21T03:16:44.159Z", "user": 1, "content_type": 9, "object_id": "6", "object_repr": "Item object (6)", "action_flag": 3, "change_message": ""}}, {"model": "admin.logentry", "pk": 50, "fields": {"action_time": "2019-12-21T03:16:44.270Z", "user": 1, "content_type": 9, "object_id": "1", "object_repr": "Item object (1)", "action_flag": 3, "change_message": ""}}, {"model": "admin.logentry", "pk": 51, "fields": {"action_time": "2019-12-21T03:19:22.690Z", "user": 1, "content_type": 9, "object_id": "9", "object_repr": "Item object (9)", "action_flag": 3, "change_message": ""}}, {"model": "admin.logentry", "pk": 52, "fields": {"action_time": "2019-12-21T03:22:27.444Z", "user": 1, "content_type": 10, "object_id": "4", "object_repr": "Card nr 4", "action_flag": 2, "change_message": "[{\"changed\": {\"fields\": [\"total\"]}}]"}}, {"model": "admin.logentry", "pk": 53, "fields": {"action_time": "2019-12-21T03:22:32.064Z", "user": 1, "content_type": 10, "object_id": "4", "object_repr": "Card nr 4", "action_flag": 2, "change_message": "[{\"changed\": {\"fields\": [\"total\"]}}]"}}, {"model": "admin.logentry", "pk": 54, "fields": {"action_time": "2019-12-21T03:22:42.993Z", "user": 1, "content_type": 9, "object_id": "10", "object_repr": "Item object (10)", "action_flag": 3, "change_message": ""}}, {"model": "admin.logentry", "pk": 55, "fields": {"action_time": "2019-12-21T21:34:25.799Z", "user": 1, "content_type": 7, "object_id": "3", "object_repr": "naro\u017cnik vero Amareno", "action_flag": 2, "change_message": "[{\"changed\": {\"fields\": [\"category\", \"color\", \"cloth\"]}}]"}}, {"model": "admin.logentry", "pk": 56, "fields": {"action_time": "2019-12-21T21:37:17.946Z", "user": 1, "content_type": 7, "object_id": "2", "object_repr": "Naro\u017cnik Smart Arhor", "action_flag": 2, "change_message": "[{\"changed\": {\"fields\": [\"category\", \"color\", \"cloth\"]}}]"}}, {"model": "admin.logentry", "pk": 57, "fields": {"action_time": "2019-12-21T21:38:39.561Z", "user": 1, "content_type": 7, "object_id": "1", "object_repr": "Naro\u017cnik Vero Orchis", "action_flag": 2, "change_message": "[{\"changed\": {\"fields\": [\"category\", \"color\", \"cloth\"]}}]"}}, {"model": "admin.logentry", "pk": 58, "fields": {"action_time": "2020-01-02T01:07:14.477Z", "user": 1, "content_type": 7, "object_id": "3", "object_repr": "naro\u017cnik vero Amareno", "action_flag": 2, "change_message": "[{\"changed\": {\"fields\": [\"price\"]}}]"}}, {"model": "admin.logentry", "pk": 59, "fields": {"action_time": "2020-01-05T16:14:47.260Z", "user": 1, "content_type": 7, "object_id": "3", "object_repr": "Naro\u017cnik vero Amareno", "action_flag": 2, "change_message": "[{\"changed\": {\"fields\": [\"name\"]}}]"}}, {"model": "admin.logentry", "pk": 60, "fields": {"action_time": "2020-01-05T16:17:13.869Z", "user": 1, "content_type": 7, "object_id": "4", "object_repr": "Naro\u017cnik vero Tulipano", "action_flag": 1, "change_message": "[{\"added\": {}}]"}}, {"model": "admin.logentry", "pk": 61, "fields": {"action_time": "2020-01-05T16:17:36.281Z", "user": 1, "content_type": 7, "object_id": "4", "object_repr": "Naro\u017cnik vero Tulipano", "action_flag": 2, "change_message": "[{\"changed\": {\"fields\": [\"image\", \"image_2\", \"image_3\"]}}]"}}, {"model": "admin.logentry", "pk": 62, "fields": {"action_time": "2020-01-05T18:50:48.768Z", "user": 1, "content_type": 7, "object_id": "5", "object_repr": "naro\u017cnik vero Aloe", "action_flag": 1, "change_message": "[{\"added\": {}}]"}}, {"model": "admin.logentry", "pk": 63, "fields": {"action_time": "2020-01-05T18:51:06.991Z", "user": 1, "content_type": 7, "object_id": "5", "object_repr": "naro\u017cnik vero Aloe", "action_flag": 2, "change_message": "[{\"changed\": {\"fields\": [\"image\", \"image_2\", \"image_3\"]}}]"}}, {"model": "admin.logentry", "pk": 64, "fields": {"action_time": "2020-01-08T22:58:18.145Z", "user": 1, "content_type": 7, "object_id": "6", "object_repr": "fotel vero Verbena", "action_flag": 1, "change_message": "[{\"added\": {}}]"}}, {"model": "admin.logentry", "pk": 65, "fields": {"action_time": "2020-01-08T22:59:09.662Z", "user": 1, "content_type": 7, "object_id": "7", "object_repr": "fotel vero Dianthus", "action_flag": 1, "change_message": "[{\"added\": {}}]"}}, {"model": "admin.logentry", "pk": 66, "fields": {"action_time": "2020-01-08T22:59:59.913Z", "user": 1, "content_type": 7, "object_id": "8", "object_repr": "sofa vero Papavero", "action_flag": 1, "change_message": "[{\"added\": {}}]"}}, {"model": "admin.logentry", "pk": 67, "fields": {"action_time": "2020-01-08T23:00:54.923Z", "user": 1, "content_type": 7, "object_id": "9", "object_repr": "sofa vero Artemisia", "action_flag": 1, "change_message": "[{\"added\": {}}]"}}, {"model": "admin.logentry", "pk": 68, "fields": {"action_time": "2020-02-09T23:21:17.152Z", "user": 1, "content_type": 6, "object_id": "1", "object_repr": "frodo123", "action_flag": 2, "change_message": "[{\"changed\": {\"fields\": [\"profile_image\"]}}]"}}]